{
  "norm_stats": {
    "action.arm.position": {
      "mean": [
        -0.2260681688785553,
        1.090435266494751,
        0.8042582273483276,
        -0.3527189791202545,
        0.056556474417448044,
        -0.04530515521764755,
        0.2346765249967575,
        1.112542748451233,
        0.8304542303085327,
        -0.357768177986145,
        -0.01014612801373005,
        0.010991317220032215
      ],
      "std": [
        0.3691432774066925,
        0.994762122631073,
        0.7908730506896973,
        0.6637247800827026,
        0.24963052570819855,
        0.5638052821159363,
        0.32393988966941833,
        1.0204970836639404,
        0.8119731545448303,
        0.7209287285804749,
        0.25776439905166626,
        0.6208906769752502
      ],
      "q01": [
        -0.9676963651657111,
        -0.0003164021181873977,
        -0.0026667596280574857,
        -1.596037513256073,
        -0.4467973255872727,
        -2.20232324104309,
        -0.13648582720756508,
        -0.0017502129077910933,
        -0.0023805056512355804,
        -1.703943779706955,
        -1.0264247895240783,
        -1.6682623161315915
      ],
      "q99": [
        0.17045696868896432,
        2.5760957974332737,
        2.4727182808369395,
        1.259782492733002,
        1.2253731035709379,
        1.4495478111267097,
        1.0841207003116606,
        2.6036578441381453,
        2.4987799152359367,
        1.3104696589708325,
        1.0692354731559752,
        2.104229341125489
      ],
      "q02": [
        -0.9260248472213748,
        -0.0003164021181873977,
        -0.0026667596280574857,
        -1.5090695432662964,
        -0.3291901943683624,
        -1.6520995048522948,
        -0.05942733430862468,
        -0.0017502129077910933,
        -0.0023805056512355804,
        -1.6187864029407502,
        -0.8741156991004944,
        -1.5490281238555905
      ],
      "q98": [
        0.1157631013870235,
        2.4936630497265257,
        2.3193349599272013,
        1.0769267609596254,
        1.0140384616851805,
        1.2073643905639653,
        0.9469565829515458,
        2.528083452796936,
        2.3551445673033595,
        1.2071769149303435,
        0.6969243632316591,
        1.7504360820770266
      ],
      "min": [
        -7.340834140777588,
        -0.0003164021181873977,
        -0.1190902441740036,
        -1.9268131256103516,
        -1.4216828346252441,
        -6.232340335845947,
        -6.316576957702637,
        -0.5742834806442261,
        -0.005311839282512665,
        -1.9893786907196045,
        -2.1285502910614014,
        -6.269529342651367
      ],
      "max": [
        5.681515216827393,
        3.8880207538604736,
        4.500889301300049,
        1.789766788482666,
        1.5632697343826294,
        4.389739513397217,
        1.3892723321914673,
        3.242604970932007,
        3.6588551998138428,
        1.9530924558639526,
        1.397123098373413,
        3.503765106201172
      ]
    },
    "action.effector.position": {
      "mean": [
        0.6723259687423706,
        0.6735112071037292
      ],
      "std": [
        0.4526418447494507,
        0.4514695405960083
      ],
      "q01": [
        0.0,
        0.0
      ],
      "q99": [
        0.9998,
        0.9998
      ],
      "q02": [
        0.0,
        0.0
      ],
      "q98": [
        0.9998,
        0.9998
      ],
      "min": [
        0.0,
        0.0
      ],
      "max": [
        1.0,
        1.0
      ]
    },
    "observation.state.arm.position": {
      "mean": [
        -0.22502799332141876,
        1.0857956409454346,
        0.8007810711860657,
        -0.3513113558292389,
        0.05622035637497902,
        -0.044659487903118134,
        0.23319771885871887,
        1.106688141822815,
        0.82613205909729,
        -0.3561287522315979,
        -0.010010534897446632,
        0.010481182485818863
      ],
      "std": [
        0.3684558570384979,
        0.9951919317245483,
        0.7907320857048035,
        0.6622379422187805,
        0.24897389113903046,
        0.5617504119873047,
        0.32331398129463196,
        1.0208075046539307,
        0.8117841482162476,
        0.718940019607544,
        0.25672635436058044,
        0.6180205345153809
      ],
      "q01": [
        -0.9676963651657111,
        -0.0003164021181873977,
        -0.0026667596280574857,
        -1.5938075653076171,
        -0.4462003350734711,
        -2.195949993133545,
        -0.13648582720756508,
        -0.0017502129077910933,
        -0.0023805056512355804,
        -1.703943779706955,
        -1.0257196548461915,
        -1.6663076572418207
      ],
      "q99": [
        0.16785249881744324,
        2.5760957974332737,
        2.47087028901875,
        1.2516060169219974,
        1.22238815100193,
        1.4495478111267097,
        1.073332511305809,
        2.602131088757515,
        2.494382914789021,
        1.3104696589708325,
        1.0657097997665406,
        2.102274682235718
      ],
      "q02": [
        -0.9234203773498537,
        -0.0003164021181873977,
        -0.0026667596280574857,
        -1.5060962793350219,
        -0.3291901943683624,
        -1.6436018409728996,
        -0.05788616445064587,
        -0.0017502129077910933,
        -0.0023805056512355804,
        -1.6164209202528,
        -0.8698848910331727,
        -1.5490281238555905
      ],
      "q98": [
        0.1157631013870235,
        2.4928853822953303,
        2.3174869681090113,
        1.0754401289939883,
        1.0122474901437757,
        1.2031155586242681,
        0.945415413093567,
        2.527320075106621,
        2.3522132336720825,
        1.202445949554443,
        0.694808959197998,
        1.7484814231872559
      ],
      "min": [
        -7.340834140777588,
        -0.0003164021181873977,
        -0.1190902441740036,
        -1.9268131256103516,
        -1.4216828346252441,
        -6.232340335845947,
        -6.316576957702637,
        -0.5742834806442261,
        -0.005311839282512665,
        -1.9893786907196045,
        -2.1285502910614014,
        -6.269529342651367
      ],
      "max": [
        5.681515216827393,
        3.8880207538604736,
        4.500889301300049,
        1.789766788482666,
        1.5632697343826294,
        4.389739513397217,
        1.3892723321914673,
        3.242604970932007,
        3.6588551998138428,
        1.9530924558639526,
        1.397123098373413,
        3.503765106201172
      ]
    },
    "observation.state.effector.position": {
      "mean": [
        0.6735715866088867,
        0.6747165322303772
      ],
      "std": [
        0.4521658420562744,
        0.4510030150413513
      ],
      "q01": [
        0.0,
        0.0
      ],
      "q99": [
        0.9998,
        0.9998
      ],
      "q02": [
        0.0,
        0.0
      ],
      "q98": [
        0.9998,
        0.9998
      ],
      "min": [
        0.0,
        0.0
      ],
      "max": [
        1.0,
        1.0
      ]
    }
  }
}
