{
  "norm_stats": {
    "action.arm.position": {
      "mean": [
        -0.2395261526107788,
        1.1349077224731445,
        0.8105292320251465,
        -0.31164029240608215,
        0.055165957659482956,
        -0.03837483748793602,
        0.21789361536502838,
        1.0841481685638428,
        0.7913455963134766,
        -0.32266682386398315,
        -0.017583254724740982,
        0.03598335385322571
      ],
      "std": [
        0.41590750217437744,
        1.003921389579773,
        0.7768228650093079,
        0.6747837662696838,
        0.2715570628643036,
        0.6217551827430725,
        0.3499184548854828,
        1.024870753288269,
        0.7947020530700684,
        0.6865031123161316,
        0.24511374533176422,
        0.6167412400245667
      ],
      "q01": [
        -1.0185421916961674,
        -0.0010411963462829688,
        -0.004309860050678266,
        -1.5662350454330445,
        -0.6512136519670486,
        -2.2326875198364258,
        -0.1715596118927003,
        -0.003369329285621614,
        -0.0018556645691394785,
        -1.6451744033813476,
        -1.0230259281158447,
        -1.6478794967651362
      ],
      "q99": [
        0.17221172838211007,
        2.601926616668701,
        2.450952765509486,
        1.3516903750896456,
        1.2373228998184205,
        1.6001025575637815,
        0.9952441711425788,
        2.6186830965638164,
        2.453483357307315,
        1.2904379455566408,
        0.875431350231171,
        2.2640067550659193
      ],
      "q02": [
        -0.948497843456269,
        -0.0010411963462829688,
        -0.0020969149172306023,
        -1.474721703195572,
        -0.39062818100452423,
        -1.6791497331619256,
        -0.0868722405433644,
        -0.003369329285621614,
        -0.0007056228727102265,
        -1.5527206142425536,
        -0.8707946321487425,
        -1.5263084461212157
      ],
      "q98": [
        0.14699576301574702,
        2.5201579942703245,
        2.2860883530676364,
        1.221171345996857,
        1.0305539935112003,
        1.4689324659347545,
        0.9262396463394165,
        2.5411415680885314,
        2.298227728289366,
        1.154620874786377,
        0.577619640159607,
        1.8101414993286138
      ]
    },
    "action.effector.position": {
      "mean": [
        0.664304256439209,
        0.6785873174667358
      ],
      "std": [
        0.45511099696159363,
        0.45013949275016785
      ],
      "q01": [
        -1e-10,
        -1e-10
      ],
      "q99": [
        0.99980000009996,
        0.99980000009996
      ],
      "q02": [
        -1e-10,
        -1e-10
      ],
      "q98": [
        0.99980000009996,
        0.99980000009996
      ]
    },
    "observation.state.arm.position": {
      "mean": [
        -0.2384551614522934,
        1.1301639080047607,
        0.8070681095123291,
        -0.31032508611679077,
        0.05487748235464096,
        -0.037838324904441833,
        0.21649977564811707,
        1.0786004066467285,
        0.78729248046875,
        -0.3211615979671478,
        -0.017434170469641685,
        0.03533728048205376
      ],
      "std": [
        0.41534423828125,
        1.0045241117477417,
        0.7767844200134277,
        0.6732552647590637,
        0.2708289623260498,
        0.619656503200531,
        0.34926003217697144,
        1.024977207183838,
        0.7943728566169739,
        0.6845870018005371,
        0.24417006969451904,
        0.6140097379684448
      ],
      "q01": [
        -1.0185421916961674,
        -0.0010411963462829688,
        -0.004309860050678266,
        -1.56473482670784,
        -0.6483812011957168,
        -2.224817314338684,
        -0.1715596118927003,
        -0.003369329285621614,
        -0.0018556645691394785,
        -1.6435380531311035,
        -1.022286941242218,
        -1.645177917861938
      ],
      "q99": [
        0.17221172838211007,
        2.601926616668701,
        2.4498462929427625,
        1.350190156364441,
        1.234490449047089,
        1.6001025575637815,
        0.9952441711425788,
        2.616768490922451,
        2.4511832739144563,
        1.2879834201812748,
        0.8739533764839176,
        2.26130517616272
      ],
      "q02": [
        -0.948497843456269,
        -0.0010411963462829688,
        -0.0020969149172306023,
        -1.4724713751077652,
        -0.38921195561885824,
        -1.6712795276641845,
        -0.0837356712341304,
        -0.003369329285621614,
        -0.0007056228727102265,
        -1.5510842639923097,
        -0.8685776715278626,
        -1.520905288314819
      ],
      "q98": [
        0.14419398908615033,
        2.5201579942703245,
        2.2838754079341888,
        1.2204212366342548,
        1.0291377681255343,
        1.4663090641021732,
        0.9231030770301825,
        2.5392269624471666,
        2.2959276448965076,
        1.152166349411011,
        0.575402679538727,
        1.7993351837158205
      ]
    },
    "observation.state.effector.position": {
      "mean": [
        0.6655541062355042,
        0.6796996593475342
      ],
      "std": [
        0.45465800166130066,
        0.4496912956237793
      ],
      "q01": [
        -1e-10,
        -1e-10
      ],
      "q99": [
        0.99980000009996,
        0.99980000009996
      ],
      "q02": [
        -1e-10,
        -1e-10
      ],
      "q98": [
        0.99980000009996,
        0.99980000009996
      ]
    }
  },
  "count": 6062592
}
